Workbook

Sheet Задачи
B2: МОИ ЗАДАЧИ
B3: Задача | C3: Срок | D3: Дни ⏳ | E3: Приоритет | F3: ✅ | G3: Категория
B4: Выучить шаблон на арабском | C4: 46179 | D4: =IF(C4="", "", IF(C4<TODAY(), "Срок истёк", C4-TODAY())) -> 5 | E4: Высокий | F4: TRUE | G4: Личное | R4: =COUNTIF(Задачи!F4:F21, TRUE) & "/" & COUNTA(Задачи!B4:B21) -> 2/6
B5: Сделать что-нибудь | C5: 46173 | D5: =IF(C5="", "", IF(C5<TODAY(), "Срок истёк", C5-TODAY())) -> Срок истёк | E5: Низкий | F5: FALSE | G5: Работа
B6: Лечь спать | C6: 46174 | D6: =IF(C6="", "", IF(C6<TODAY(), "Срок истёк", C6-TODAY())) -> 0 | E6: Срочно | F6: TRUE | G6: Личное
B7: Пойти поесть | C7: 46175 | D7: =IF(C7="", "", IF(C7<TODAY(), "Срок истёк", C7-TODAY())) -> 1 | E7: Средний | F7: FALSE | G7: Личное
B8: По приколу | C8: 46174 | D8: =IF(C8="", "", IF(C8<TODAY(), "Срок истёк", C8-TODAY())) -> 0 | E8: Высокий | F8: FALSE | G8: Другое
B9: Вынести мусор | C9: 46175 | D9: =IF(C9="", "", IF(C9<TODAY(), "Срок истёк", C9-TODAY())) -> 1 | E9: Низкий | F9: FALSE | G9: Другое
D10: =IF(C10="", "", IF(C10<TODAY(), "Срок истёк", C10-TODAY())) | F10: FALSE
D11: =IF(C11="", "", IF(C11<TODAY(), "Срок истёк", C11-TODAY())) | F11: FALSE
D12: =IF(C12="", "", IF(C12<TODAY(), "Срок истёк", C12-TODAY())) | F12: FALSE
D13: =IF(C13="", "", IF(C13<TODAY(), "Срок истёк", C13-TODAY())) | F13: FALSE
D14: =IF(C14="", "", IF(C14<TODAY(), "Срок истёк", C14-TODAY())) | F14: FALSE
F15: FALSE
D16: =IF(C16="", "", IF(C16<TODAY(), "Срок истёк", C16-TODAY())) | F16: FALSE
D17: =IF(C17="", "", IF(C17<TODAY(), "Срок истёк", C17-TODAY())) | F17: FALSE
D18: =IF(C18="", "", IF(C18<TODAY(), "Срок истёк", C18-TODAY())) | F18: FALSE
D19: =IF(C19="", "", IF(C19<TODAY(), "Срок истёк", C19-TODAY())) | F19: FALSE
D20: =IF(C20="", "", IF(C20<TODAY(), "Срок истёк", C20-TODAY())) | F20: FALSE
D21: =IF(C21="", "", IF(C21<TODAY(), "Срок истёк", C21-TODAY())) | F21: FALSE

Sheet График
B2: МОИ ЗАДАЧИ
B4: СРОЧНЫЕ | C4: =COUNTIF(Задачи!E4:E21, "Срочно") -> 1 | H4: ВСЕГО ЗАДАЧ | J4: =SUM(J5:J7) -> 6 | Q4: ЗАДАЧ ВЫПОЛНЕНО | R4: =COUNTIF(Задачи!F4:F21, TRUE) & "/" & COUNTA(Задачи!B4:B21) -> 2/6
B5: ВЫСОКИЙ ПРИОРИТЕТ | C5: =COUNTIF(Задачи!E4:E21, "Высокий") -> 2 | H5: ЛИЧНЫЕ | J5: =COUNTIF(Задачи!G4:G21, "Личное") -> 3 | Q5: ПРОГРЕСС | R5: =COUNTIF(Задачи!F4:F21, TRUE) / COUNTA(Задачи!B4:B21) -> 0.33333333
B6: СРЕДНИЙ ПРИОРИТЕТ | C6: =COUNTIF(Задачи!E4:E21, "Средний") -> 1 | H6: РАБОТА | J6: =COUNTIF(Задачи!G4:G21, "Работа") -> 1 | Q6: ДЕДЛАЙН СЕГОДНЯ | R6: =COUNTIF(Задачи!D4:D21, "0") -> 2
B7: НИЗКИЙ ПРИОРИТЕТ | C7: =COUNTIF(Задачи!E4:E21, "Низкий") -> 2 | H7: ДРУГИЕ | J7: =COUNTIF(Задачи!G4:G21, "Другое") -> 2 | Q7: ПРОСРОЧЕННЫЕ ЗАДАЧИ | R7: =COUNTIF(Задачи!D4:D21, "Срок истёк") -> 1
B9: Выделение задач | C9: Другое
B11: СРОЧНЫЕ | G11: ВЫСОКИЙ ПРИОРИТЕТ | L11: СРЕДНИЙ ПРИОРИТЕТ | Q11: НИЗКИЙ ПРИОРИТЕТ
B12: Задача | C12: Срок | D12: Дни ⏳ | E12: Тип | G12: Задача | H12: Срок | I12: Дни ⏳ | J12: Тип | L12: Задача | M12: Срок | N12: Дни ⏳ | O12: Тип | Q12: Задача | R12: Срок | S12: Дни ⏳ | T12: Тип
B13: {=_xlfn._xlws.FILTER(Задачи!$B$4:$B$21, Задачи!$E$4:$E$21="Срочно", "")} -> Лечь спать | C13: {=_xlfn._xlws.FILTER(Задачи!$C$4:$C$21, Задачи!$E$4:$E$21="Срочно", "")} -> 46174 | D13: {=_xlfn._xlws.FILTER(Задачи!$D$4:$D$21, Задачи!$E$4:$E$21="Срочно", "")} -> 0 | E13: {=_xlfn._xlws.FILTER(Задачи!$G$4:$G$21, Задачи!$E$4:$E$21="Срочно", "")} -> Личное | G13: {=_xlfn._xlws.FILTER(Задачи!$B$4:$B$21, Задачи!$E$4:$E$21="Высокий", "")} -> Выучить шаблон на арабском | H13: {=_xlfn._xlws.FILTER(Задачи!$C$4:$C$21, Задачи!$E$4:$E$21="Высокий", "")} -> 46179 | I13: {=_xlfn._xlws.FILTER(Задачи!$D$4:$D$21, Задачи!$E$4:$E$21="Высокий", "")} -> 5 | J13: {=_xlfn._xlws.FILTER(Задачи!$G$4:$G$21, Задачи!$E$4:$E$21="Высокий", "")} -> Личное | L13: {=_xlfn._xlws.FILTER(Задачи!$B$4:$B$21, Задачи!$E$4:$E$21="Средний", "")} -> Пойти поесть | M13: {=_xlfn._xlws.FILTER(Задачи!$C$4:$C$21, Задачи!$E$4:$E$21="Средний", "")} -> 46175 | N13: {=_xlfn._xlws.FILTER(Задачи!$D$4:$D$21, Задачи!$E$4:$E$21="Средний", "")} -> 1 | O13: {=_xlfn._xlws.FILTER(Задачи!$G$4:$G$21, Задачи!$E$4:$E$21="Средний", "")} -> Личное | Q13: {=_xlfn._xlws.FILTER(Задачи!$B$4:$B$21, Задачи!$E$4:$E$21="Низкий", "")} -> Сделать что-нибудь | R13: {=_xlfn._xlws.FILTER(Задачи!$C$4:$C$21, Задачи!$E$4:$E$21="Низкий", "")} -> 46173 | S13: {=_xlfn._xlws.FILTER(Задачи!$D$4:$D$21, Задачи!$E$4:$E$21="Низкий", "")} -> Срок истёк | T13: {=_xlfn._xlws.FILTER(Задачи!$G$4:$G$21, Задачи!$E$4:$E$21="Низкий", "")} -> Работа
G14: По приколу | H14: 46174 | I14: 0 | J14: Другое | Q14: Вынести мусор | R14: 46175 | S14: 1 | T14: Другое
